{"cameraMode":{"drawMode":0,"name":"Shaded","section":"Shading Mode"},"sceneLighting":false,"audioPlay":false,"sceneViewState":{"m_AlwaysRefresh":false,"showFog":true,"showSkybox":false,"showFlares":true,"showImageEffects":true,"showParticleSystems":true,"showVisualEffectGraphs":true,"m_FxEnabled":true},"in2DMode":false,"pivot":{"x":-3.347095489501953,"y":-2.3752760887145998,"z":-2.549053192138672},"rotation":{"x":-0.013322885148227215,"y":0.1612779051065445,"z":0.002177375601604581,"w":0.9868180155754089},"size":23.784671783447267,"orthographic":true}