{"cameraMode":{"drawMode":0,"name":"Shaded","section":"Shading Mode"},"sceneLighting":false,"audioPlay":false,"sceneViewState":{"m_AlwaysRefresh":false,"showFog":true,"showSkybox":false,"showFlares":true,"showImageEffects":true,"showParticleSystems":true,"showVisualEffectGraphs":true,"m_FxEnabled":true},"in2DMode":false,"pivot":{"x":-0.06371688842773438,"y":4.770840644836426,"z":-3.194507598876953},"rotation":{"x":-0.013989705592393875,"y":0.9647876620292664,"z":-0.05243981257081032,"w":-0.25737762451171877},"size":15.324224472045899,"orthographic":false}